id,source_paper,sections_pages_read,D1,D2,D3_count,D3_materials,D4_element,D4_material,D4_Q,D5,notes
NIST-82,"Luther & Towler, NBS Spec. Publ. 617 (1984) pp.573-576 (author paper, public domain; primary: PRL 48, 121 (1982), paywalled)","NBS617 sec.3 Apparatus (3.1-3.9), Fig.1","SUS","OUT",1,"1: [brass vacuum cylinder; windows tin-oxide coated]","fibre","quartz (Cr+Au plated, 12 um)","2e4 (Rothleitner-Schlamminger 2017 Table I; not stated in NBS617 methods)",4,"Dumbbell + fibre + damper enclosed in evacuated brass cylinder; 10.5 kg W balls on Al table outside (Fig.1 shows VACUUM WALL between)."
TR&D-96,"Rothleitner & Schlamminger, Rev. Sci. Instrum. 88, 111101 (2017), NIST author manuscript, sec.IV.A.2.b + Table I (primary: Karagioz & Izmailov, Izmer. Tekh. 39(10), 3 (1996) = Meas. Tech. 39, 979 - not accessible)","R&S review pp.13-14 + Table I","SUS","UNSOURCED","UNSOURCED","UNSOURCED","fibre","tungsten","2e4 (R&S Table I)","UNSOURCED","Enclosure geometry (D2/D3/D5) could not be adequately sourced from any open apparatus text; not coded rather than guessed. D1/D4 from review."
LANL-97,"Rothleitner & Schlamminger 2017 Table I + Gillies & Speake, Phil. Trans. R. Soc. A 372, 20140022 (2014) (Beams-apparatus lineage) + NBS617 pp.573-576 (same apparatus) (primary: Bagley & Luther, PRL 78, 3047 (1997), paywalled)","R&S Table I/II; rsta.2014.0022 sec. on Oak Ridge tungsten spheres; NBS617 sec.3","SUS","OUT",1,"1: [vacuum chamber wall (brass at NBS; material at LANL not stated)]","fibre","tungsten (two runs: uncoated; Au-coated)","9.5e2 (W) / 4.9e2 (Au-coated W) (R&S Table I)",4,"Same NBS/Beams apparatus and 10.5 kg W spheres moved to LANL (rsta.2014.0022); D2/D3/D5 coded by lineage inference - flagged in notes."
UWash-00,"Gundlach & Merkowitz, arXiv:gr-qc/0006043 (PRL 85, 2869 (2000))","pp.1-2 apparatus paragraphs; Fig.1 caption","SUS","OUT",2,"2: [Al vacuum chamber, mu-metal shield] (order relative to vacuum wall not stated; both crossed either way)","fibre","tungsten (17 um)","4e3 (R&S Table I, noted there as approximate; not stated in PRL methods)",4,"Pendulum = Au-coated Pyrex plate in Al vacuum chamber on turntable; 8 steel spheres on separate coaxial turntable outside. Autocollimator window implied."
BIPM-01,"Schlamminger et al., Metrologia 63, 025012 (2026) sec.2 (documents original BIPM apparatus) + R&S 2017 Table I + Gillies & Speake rsta.2014.0022 Table 1 (primary: Quinn et al., PRL 87, 111101 (2001), paywalled)","NIST-26 sec.2 (history, Fig.3 layout); R&S pp.16-18 + Table I","SUS","OUT",1,"1: [grounded vacuum can (electrostatic shield; material not stated)]","strip","Cu-1.8%Be","3e5 (R&S Table I)",4,"4 Cu-Te test cylinders on Al disk in vacuum can; 4 source cylinders (Cu 0.7%Te) on carousel outside vacuum envelope. Optical window for autocollimator."
UWup-02,"Kleinevoss PhD thesis WUB-DIS 2002-2 (Wuppertal; full-text scrape) + R&S 2017 sec.IV.B.3 + Fig.11 (primary; also Kleinevoss et al. 2002 private comm. per CODATA)","Thesis ch.4 (Aufbau: Vakuumtank, Wolframdraht suspension, Feldmassen-Positionierungssystem); R&S pp.22-23","SUS","OUT",1,"1: [vacuum tank wall (material not confirmed in coded text)]","fibre","tungsten wire","not stated in methods",4,"Two 2.6 m pendulums (microwave Fabry-Perot mirrors) in vacuum tank; two 576 kg brass field masses moved 0.6-2.1 m by external positioning system. D2 medium confidence - see notes."
MSL-03,"Xue et al., Natl. Sci. Rev. 7, 1803 (2020) sec. MSL-03 + R&S 2017 Table I (primary: Armstrong & Fitzgerald, PRL 91, 201101 (2003), paywalled; design: Fitzgerald et al., Metrologia 31, 301 (1994), paywalled)","NSR sec. MSL-03; R&S Table I","SUS","OUT",1,"1: [vacuum chamber wall (material not stated)]","strip","tungsten (rectangular-section fibre)","not stated (R&S Table I lists n/a)",4,"Cu cylindrical test mass, electrostatic compensation; two large source cylinders (Cu x3 runs, stainless x1) on turntable outside chamber. D2/D5 lower confidence - see notes."
HUST-05,"Li et al., Phil. Trans. R. Soc. A 372, 20140141 (PMC4173272) sec.3 (HUST-99/05 apparatus) + Xue et al. NSR 2020 sec. HUST (primary: Hu, Guo & Luo, PRD 71, 127505 (2005), paywalled)","PMC4173272 sec.3 + Fig.3 caption; NSR sec. HUST-99/05","SUS","OUT",1,"1: [vacuum chamber wall (material not stated)]","fibre","tungsten (25 um)","approx 3.6e4 (stated in NSR text, provenance CODATA-14 anelasticity discussion)",4,"Cu sphere test mass on Al beam pendulum in vacuum chamber (2e-5 Pa, ion pump); two 6.25 kg SS cylinders in air outside chamber (air-buoyancy correction confirms). D5 provisional."
UZur-06,"Schlamminger et al., arXiv:gr-qc/0609027 (PRD 74, 082001 (2006))","sec.II (A Balance, B Test Masses, D Field Masses incl. Fig.4, Fig.18 area)","SUS","OUT",2,"2: [stainless steel (1.4301) tank central-tube wall, vacuum tube wall]","fibre","tungsten wire (0.1 mm; beam-balance hang-down, non-torsional)","not applicable / not stated",4,"Two Cu test masses hang inside vacuum tube passing through central bores of two mercury-filled SS tanks (13.5 t total). Side windows in vacuum tube noted (possible D5=3 reading)."
HUST-09,"Tu et al., PRD 82, 022001 (2010) (full-text scrape) sec.II + Li et al. PMC4173272 sec.4 (primary: Luo et al., PRL 102, 240801 (2009), paywalled)","Tu2010 apparatus sec. (chamber, shielding passage, Figs.3-4 captions); PMC4173272 sec.4","SUS","IN",0,"min 0 (exp I: no layer between SMs and pendulum, both in same chamber); exp II: 1 [Au-coated Al cylinder]","fibre","annealed tungsten (25 um)","1.7e3 (stated in coded sources)",4,"Pendulum + two SS316 spheres inside same SS cylindrical grounded vacuum chamber (450 mm ID). Final value combines exp I (D3=0) and exp II (D3=1); coded minimum per code-book."
LENS-14,"Rosi et al., arXiv:1412.7954 (Nature 510, 518 (2014)) methods + Prevedelli et al., Phil. Trans. R. Soc. A 372, 20140030 (PMC4173270)","arXiv methods (launch/interferometer/source-mass sections, magnetic-shield passage); PMC4173270 Fig.1 caption + source-mass section","FF","OUT",3,"min 3: [vacuum tube (material not stated), mu-metal cylinder, mu-metal cylinder] (shields assumed between tube and SMs per Fig.1 geometry; if outside SMs count = 1)","none","n/a (free-fall atoms)","n/a",4,"87Rb atoms in ballistic flight inside long vertical vacuum tube; 24 W-alloy cylinders (516 kg) on Ti platforms around tube; two cylindrical mu-metal layers isolate the tube."
BIPM-14,"Schlamminger et al., Metrologia 63, 025012 (2026) sec.2 (Mark II description) + R&S 2017 Table I (primary: Quinn et al., PRL 111, 101102 (2013), (E) 113, 039901 (2014); Quinn et al., Phil. Trans. A 372, 20140032 - both inaccessible)","NIST-26 sec.2 (Mark II changes; Fig.3); R&S Table I","SUS","OUT",1,"1: [grounded vacuum can (electrostatic shield; material not stated); insulators concealed under conducting false floor in Mark II]","strip","Cu-1.8%Be","3e5 (R&S Table I); 1e5-3e5 per Quinn et al. 2014 as cited in NIST-26 sec.10 (not read from primary methods)",4,"Mark II rebuild of BIPM-01 balance: same torsion-strip design, different TMs, improved electrostatic shielding; SMs outside vacuum envelope on carousel."
UCI-14,"Newman group: arXiv:gr-qc/0403021 (G-experiment section, Fig.1) + arXiv:gr-qc/0609095 + Xue et al. NSR 2020 sec. UCI-14 + R&S 2017 Table I (primary: Newman et al., Phil. Trans. A 372, 20140025, paywalled)","gr-qc/0403021 pp.2-4 + Fig.1; gr-qc/0609095 apparatus passages; NSR sec. UCI-14","SUS","OUT",3,"min 3: [dewar outer wall, dewar inner wall, pendulum vacuum chamber] (exact cryostat layer count not stated in coded sources; range 2-5; superconducting magnetic shield also present)","fibre","CuBe / CuBe heat-treated / Al5056 (three fibres)","8.2e4 / 1.2e5 / 1.8e5 (R&S Table I; NSR gives 82000/120000/164000)",4,"11 g fused-silica plate pendulum at approx 2 K inside cryostat/dewar; two 59 kg Cu rings hung outside the dewar at room temperature."
HUST-T-18,"Li et al., Phil. Trans. R. Soc. A 372, 20140141 (PMC4173272) sec.5 (ongoing ToS experiment) + Xue et al. NSR 2020 sec. HUST-18 ToS (primary: Li et al., Nature 560, 582 (2018), paywalled)","PMC4173272 sec.5 (fibre coating, Cu tube, improvements); NSR sec. HUST-18 (apparatus 'very similar to HUST-09'; SMs/turntable/process same as HUST-09)","SUS","IN",1,"1: [Au-coated Al cylinder shield between pendulum and SMs, per HUST-09(exp II)-identical arrangement; presence in final config inferred - range 0-1]","fibre","fused silica, coated Ge (8 nm) + Bi (11 nm)","approx 5e4 after coating (Li et al. 2014 methods; final Nature-paper per-fibre Qs not accessible)",4,"Al-coated fused-silica block pendulum; SS316 sphere SMs inside same vacuum chamber as pendulum (HUST-09 arrangement). Coded from pre-2018 companion + 2020 review - see notes."
HUST-A-18,"Xue et al., Phil. Trans. R. Soc. A 372, 20140031 (PMC4173271) secs.2-3 + Xue et al. NSR 2020 sec. HUST-18 AAF (primary: Li et al., Nature 560, 582 (2018), paywalled)","PMC4173271 secs.2(a),2(b),3 (pendulum system, source masses, feedback); NSR sec. HUST-18 AAF","SUS","OUT",1,"1: [stainless steel vacuum chamber wall]","fibre","tungsten (annealed, 18 um in 2014 prelim; NSR confirms tungsten in final)","not stated in methods (feedback mode: fibre does not twist)",4,"Quartz/fused-silica block pendulum in SS vacuum chamber on air-bearing turntable; four SS316 spheres on separate outer turntable outside chamber (final: ULE shelves). Autocollimator fixed on chamber (window)."
JILA-18,"Parks & Faller, arXiv:1008.3203 (PRL 105, 110801 (2010); corrected value per PRL 122, 199901 (2019))","Fig.1 caption + apparatus/method paragraphs pp.3-7","SUS","OUT",1,"1: [vacuum chamber wall (material not stated)]","fibre","four-wire suspension per bob; wire material not stated in coded text","not stated (finite-Q correction called <1e-6 and ignored; no value given)",4,"Two 780 g Cu pendulum bobs (Fabry-Perot mirrors) inside vacuum chamber; four 120 kg W source masses outside chamber; damping magnets outside vacuum below bobs. D5 provisional (chamber shape not described)."
NIST-26,"Schlamminger et al., Metrologia 63, 025012 (2026), open access (IOP full text + PDF text)","secs.2 (apparatus, Fig.3), 4 (modifications, 4.4, 4.7), 5 (dimensional metrology), 7-8 (pressure/stiffness incl. Q measurement, Fig.20)","SUS","OUT",1,"1: [grounded vacuum can with optical window (material not stated)]","strip","Cu-Be","Qmax = 2.4(4)e5 (measured from free-decay vs pressure, sec.8)",4,"Same BIPM Mark II hardware relocated to NIST; 4 Cu TMs on Al disk in vacuum can; 4 SMs (Cu 11.19 kg; also sapphire 5.02 kg set) on carousel outside vacuum envelope."
